{"sections":{"collection_list_g3fQ7j":{"type":"collection-list","blocks":{"featured_collection_97eNQ7":{"type":"featured_collection","settings":{"collection":"acrylic-standee-anime-in-wholesale"}},"featured_collection_E89JXL":{"type":"featured_collection","settings":{"collection":"q-posket-action-figures"}},"featured_collection_MzDGYH":{"type":"featured_collection","settings":{"collection":"umbrellas"}},"featured_collection_dDAYUJ":{"type":"featured_collection","settings":{"collection":"wholesale-airpod-pro-silicone-cases"}},"featured_collection_4QEQH4":{"type":"featured_collection","settings":{"collection":"action-figures-wholesaler"}},"featured_collection_X8hgkT":{"type":"featured_collection","settings":{"collection":"anime-wall-scrolls"}},"featured_collection_T9fWLY":{"type":"featured_collection","settings":{"collection":"diaries"}},"featured_collection_F97UTY":{"type":"featured_collection","settings":{"collection":"stickers-posters"}},"featured_collection_niXEeW":{"type":"featured_collection","settings":{"collection":"anime-jewelry"}},"featured_collection_QDjR8T":{"type":"featured_collection","settings":{"collection":"stationery"}},"featured_collection_CY6xPr":{"type":"featured_collection","settings":{"collection":"keychains-rubber"}},"featured_collection_Bpfckq":{"type":"featured_collection","settings":{"collection":"cosplay-wands-katanas"}}},"block_order":["featured_collection_97eNQ7","featured_collection_E89JXL","featured_collection_MzDGYH","featured_collection_dDAYUJ","featured_collection_4QEQH4","featured_collection_X8hgkT","featured_collection_T9fWLY","featured_collection_F97UTY","featured_collection_niXEeW","featured_collection_QDjR8T","featured_collection_CY6xPr","featured_collection_Bpfckq"],"settings":{"title":"Categories","heading_size":"h2","image_ratio":"square","columns_desktop":4,"color_scheme":"scheme-2","show_view_all":false,"columns_mobile":"2","swipe_on_mobile":false,"padding_top":12,"padding_bottom":36}},"collection_list_YYCf8A":{"type":"collection-list","blocks":{"featured_collection_tKUcYn":{"type":"featured_collection","settings":{"collection":"clocks-watches"}},"featured_collection_dp9wzk":{"type":"featured_collection","settings":{"collection":"kids-toys"}},"featured_collection_w7F3i9":{"type":"featured_collection","settings":{"collection":"music-boxes"}},"featured_collection_tQVjMa":{"type":"featured_collection","settings":{"collection":"pencil-box-pouches"}},"featured_collection_JhJBdP":{"type":"featured_collection","settings":{"collection":"couple-showpiece"}},"featured_collection_yTiHbR":{"type":"featured_collection","settings":{"collection":"home-decor"}},"featured_collection_dFDyB6":{"type":"featured_collection","settings":{"collection":"greeting-cards"}},"featured_collection_nWJaBd":{"type":"featured_collection","settings":{"collection":"drinking-games-cards-dispenser"}},"featured_collection_PMLiUh":{"type":"featured_collection","settings":{"collection":"lights-and-lamps"}},"featured_collection_q7CjM3":{"type":"featured_collection","settings":{"collection":"indian-mugs-and-tea-sets"}},"featured_collection_RbVXKB":{"type":"featured_collection","settings":{"collection":"coin-pouches-pocket-mirror"}},"featured_collection_8ENjwn":{"type":"featured_collection","settings":{"collection":"bags"}}},"block_order":["featured_collection_tKUcYn","featured_collection_dp9wzk","featured_collection_w7F3i9","featured_collection_tQVjMa","featured_collection_JhJBdP","featured_collection_yTiHbR","featured_collection_dFDyB6","featured_collection_nWJaBd","featured_collection_PMLiUh","featured_collection_q7CjM3","featured_collection_RbVXKB","featured_collection_8ENjwn"],"settings":{"title":"","heading_size":"h1","image_ratio":"square","columns_desktop":4,"color_scheme":"","show_view_all":false,"columns_mobile":"2","swipe_on_mobile":false,"padding_top":0,"padding_bottom":36}},"collection_list_MayF9i":{"type":"collection-list","blocks":{"featured_collection_RXPj9r":{"type":"featured_collection","settings":{"collection":"jewelry"}},"featured_collection_CnqBCk":{"type":"featured_collection","settings":{"collection":"erasers"}},"featured_collection_qyYVLt":{"type":"featured_collection","settings":{"collection":"bottle-lunch-boxes"}},"featured_collection_p3Echz":{"type":"featured_collection","settings":{"collection":"socks-shoes"}},"featured_collection_x79P4W":{"type":"featured_collection","settings":{"collection":"sunglasses"}},"featured_collection_feQaUi":{"type":"featured_collection","settings":{"collection":"wallets"}},"featured_collection_6bKBBN":{"type":"featured_collection","settings":{"collection":"birthday"}},"featured_collection_DGEk4C":{"type":"featured_collection","settings":{"collection":"3d-mugs-imported"}},"featured_collection_HpQNBK":{"type":"featured_collection","settings":{"collection":"croc-shoes-accessories"}},"featured_collection_mnN78n":{"type":"featured_collection","settings":{"collection":"anime-table-mat-mouse-pad"}},"featured_collection_wj9fCh":{"type":"featured_collection","settings":{"collection":"keychains-others"}},"featured_collection_ibLkQL":{"type":"featured_collection","settings":{"collection":"lighters-ashtray"}}},"block_order":["featured_collection_RXPj9r","featured_collection_CnqBCk","featured_collection_qyYVLt","featured_collection_p3Echz","featured_collection_x79P4W","featured_collection_feQaUi","featured_collection_6bKBBN","featured_collection_DGEk4C","featured_collection_HpQNBK","featured_collection_mnN78n","featured_collection_wj9fCh","featured_collection_ibLkQL"],"settings":{"title":"","heading_size":"h1","image_ratio":"square","columns_desktop":4,"color_scheme":"","show_view_all":false,"columns_mobile":"2","swipe_on_mobile":false,"padding_top":36,"padding_bottom":36}},"collection_list_KLre4F":{"type":"collection-list","blocks":{"featured_collection_chcGHm":{"type":"featured_collection","settings":{"collection":"home-kitchen"}},"featured_collection_X7pnik":{"type":"featured_collection","settings":{"collection":"gift-bags"}},"featured_collection_WEEBpy":{"type":"featured_collection","settings":{"collection":"gift-wrap-paper-sheets"}},"featured_collection_AB8KEF":{"type":"featured_collection","settings":{"collection":"3d-posters-anime-others"}},"featured_collection_FnjYJg":{"type":"featured_collection","settings":{"collection":"bobble-head"}}},"block_order":["featured_collection_chcGHm","featured_collection_X7pnik","featured_collection_WEEBpy","featured_collection_AB8KEF","featured_collection_FnjYJg"],"settings":{"title":"","heading_size":"h2","image_ratio":"square","columns_desktop":4,"color_scheme":"","show_view_all":false,"columns_mobile":"2","swipe_on_mobile":false,"padding_top":36,"padding_bottom":36}}},"order":["collection_list_g3fQ7j","collection_list_YYCf8A","collection_list_MayF9i","collection_list_KLre4F"]}