{"sections":{"main":{"type":"main-product","blocks":{"title":{"type":"title","settings":{}},"price":{"type":"price","settings":{}},"variant_picker":{"type":"variant_picker","settings":{"picker_type":"dropdown","swatch_shape":"circle"}},"quantity_selector":{"type":"quantity_selector","settings":{}},"ymq_b2b_wholesale_solution_qb_table_Lhyq8V":{"type":"shopify:\/\/apps\/ymq-b2b-wholesale-solution\/blocks\/qb-table\/ef8663e7-9d07-4952-bb17-2e62f084164e","settings":{"product":"{{product}}"}},"buy_buttons":{"type":"buy_buttons","settings":{"show_dynamic_checkout":false,"show_gift_card_recipient":false}},"description":{"type":"description","settings":{}},"share":{"type":"share","settings":{"share_label":"Share"}}},"block_order":["title","price","variant_picker","quantity_selector","ymq_b2b_wholesale_solution_qb_table_Lhyq8V","buy_buttons","description","share"],"settings":{"enable_sticky_info":false,"color_scheme":"scheme-1","media_size":"large","constrain_to_viewport":false,"media_fit":"contain","gallery_layout":"stacked","media_position":"left","image_zoom":"lightbox","mobile_thumbnails":"hide","hide_variants":true,"enable_video_looping":false,"padding_top":16,"padding_bottom":0}},"related-products":{"type":"related-products","settings":{"heading":"Related products","heading_size":"h2","products_to_show":4,"columns_desktop":4,"color_scheme":"scheme-1","image_ratio":"square","image_shape":"default","show_secondary_image":true,"show_vendor":false,"show_rating":false,"columns_mobile":"2","padding_top":8,"padding_bottom":28}}},"order":["main","related-products"]}