{"name":"t:sections.footer.name","type":"footer","sections":{"footer":{"type":"footer","blocks":{"text_zBm4NX":{"type":"text","settings":{"heading":"<strong>GIFTS WHOLESALERS IN INDIA<\/strong>","subtext":"<p>Welcome to Thegiftwholesalers.com.<\/p><p>We are Big Daddy Store, The Gift wholesalers and suppliers in India, We deal in wholesale of Gifts, stationery, Lamps and lights, lighters, Anime Figures and other anime stuff, socks, Key-chain, Home and Kitchen and Bottles etc.<\/p><p>Minimum Order on our website is 8,000 Rs. Any order below 8,000 Rs will be ignored.<\/p><p>We only sell products for purpose of re-sell, on shops, galleries and re-sellers.<\/p><p>The COD option is not available.<\/p><p>This website should not be used for buying products for personnel use.  Only Wholesale and no retail.<\/p><p>Recent goods delivered to Punjab, Raipur, Rajasthan, Ranchi, Shillong, Shimla, Shimla , Sikkim, Srinagar , Tamil Nadu, Telangana, Thiruvananthapuram, Tripura, Uttar Pradesh, Uttarakhand, Vasco da Gama, Visakhapatnam, West Bengal<\/p><p> <\/p>"}},"text_kfnHKh":{"type":"text","settings":{"heading":"<strong>ABOUT US<\/strong>","subtext":"<p>Most of Our Products come with Best Price Guarantee. Only why we have been able to maintain a clientale from major cities like Mumbai, Delhi, Bengaluru, kolkata, chennai,jaipur, Hyderabad etc. We work on volume basis at wafer thin margins, most of our prices beat the famous <em>Abdul Rehman street aka Crawford Market<\/em> of Mumbai and Sadar bazaar & Karol<strong> bhag<\/strong> of New Delhi. <\/p><p>Established in 2012, big daddy store started its journey from Dehradun, Uttarakhand. We have a Streamlined shipping system for all big and small cities in India. We have been shipping goods to cities like Mizoram, assam, dharsiguda Siliguri, and off-course the metro cities. To make the products cost effective, our shipping prices are kept on the lower side. <\/p><p>Unlike other wholesalers, We make sure that the products reach to you in safe condition, breakable products comes bubble wrapped, and even in wooden framed cartoons with bare minimum packing costs. Wealso have our presence on Udaan and Indiamart.  As of now we do not maintain any whatsapp broadcasts as it spams the user with so many images, you can check the website for new products updated daily. <\/p>"}},"text_9Ub7RK":{"type":"text","settings":{"heading":"<strong>WHOLESALE OF GIFTS IN INDIA<\/strong>","subtext":"<p>People call us sadar bazar of Delhi, Abdul Rehman Market of Mumbai. We are an online wholesalers for gifts.<\/p><p>From Stationery to Bottles and kids toys.<\/p><p>We Import most of our products, although to maintain this vast need of a Gift galleries some items may be sourced from other importers.<\/p><p>Best part with us is that we provide Wholesale price Guarantee. Goods delivered to Agartala, Ahmedabad, Aizawl, Amaravati, Andaman and Nicobar Islands, Andhra Pradesh, Arunachal Pradesh, Assam, Bangalore, Bhararisain, Bhopal<br\/>Bhubaneswar, Bihar, Chandigarh, Chennai, Chhattisgarh, Dadra and Nagar Haveli and Daman and Diu, Daman, Delhi, Dharamshala, Dimapur, Dispur, Faridabad, Gandhinagar, Gangtok, Goa, Gujarat, Guwahati, Haryana, Himachal Pradesh, Hyderabad, Imphal, Indore, Itanagar, Jaipur, Jammu and Kashmir, Jammu ,<br\/>Jamshedpur, Jharkhand, Kanpur, Karnataka, Kavaratti, Kerala, Kohima, Kolkata, Ladakh, LakshadweepLeh, Lucknow, Ludhiana, Madhya Pradesh, Maharashtra, Manipur, Meghalaya, Mizoram, Mumbai, Mumbai , Nagaland, Nagpur , New Delhi, Odisha, Panaji, Patna, PortBlair, Puducherry<\/p>"}},"text_fWamNe":{"type":"text","settings":{"heading":"<strong>ANIME ITEMS SUPPLIER<\/strong>","subtext":"<p>Welcome to Big Daddy Store, the go-to destination for wholesale anime items! We pride ourselves on offering a wide selection of high-quality anime merchandise at competitive prices.<\/p><p>At Big Daddy Store, we understand the demand for anime-related products and strive to meet the needs of retailers and businesses. Whether you're in search of anime figurines, apparel, accessories, or collectibles, we've got you covered.<\/p><p>Partner with Us Today!<\/p><p>Whether you're a retail store, online seller, or business looking to expand your product offerings, Big Daddy Store is your trusted partner for all your anime wholesale needs.<\/p><p>Join our network of satisfied customers and elevate your anime merchandise business. Explore our catalog today and experience the difference with Big Daddy Store.<\/p><p>Contact us for wholesale inquiries or assistance. Let Big Daddy Store be your ultimate destination for wholesale anime items.<\/p>"}}},"block_order":["text_zBm4NX","text_kfnHKh","text_9Ub7RK","text_fWamNe"],"settings":{"color_scheme":"scheme-1","newsletter_enable":true,"newsletter_heading":"Subscribe to our emails","enable_follow_on_shop":false,"show_social":false,"enable_country_selector":true,"enable_language_selector":true,"payment_enable":true,"show_policy":true,"margin_top":0,"padding_top":56,"padding_bottom":52}}},"order":["footer"]}