{"name":"t:sections.header.name","type":"header","sections":{"announcement_bar_BeL7cn":{"type":"announcement-bar","blocks":{"announcement_MUqzJL":{"type":"announcement","settings":{"text":"More than 100 New Products in New Section. Phone - 8755867107. Complaints -7498690267","link":""}}},"block_order":["announcement_MUqzJL"],"settings":{"color_scheme":"scheme-3","show_line_separator":false,"show_social":false,"auto_rotate":false,"change_slides_speed":5,"enable_country_selector":false,"enable_language_selector":false}},"header":{"type":"header","settings":{"logo_position":"top-left","menu":"main-menu","menu_type_desktop":"drawer","sticky_header_type":"none","show_line_separator":false,"color_scheme":"scheme-1","menu_color_scheme":"scheme-1","enable_country_selector":true,"enable_language_selector":true,"mobile_logo_position":"left","margin_bottom":0,"padding_top":0,"padding_bottom":0}},"171580129460618638":{"type":"apps","settings":{"include_margins":true}}},"order":["announcement_bar_BeL7cn","header","171580129460618638"]}